{"initial_reset_timestamp": 1602388920.437521, "timestamps": [1602388921.1091478, 1602388921.890666, 1602388922.417204, 1602388923.054589, 1602388923.646154, 1602388924.336116, 1602388924.774462, 1602388925.319146], "episode_lengths": [617, 685, 591, 780, 693, 829, 514, 669], "episode_rewards": [330.0, 290.0, 270.0, 470.0, 390.0, 560.0, 250.0, 280.0], "episode_types": ["t", "t", "t", "t", "t", "t", "t", "t", "t"]}