{"initial_reset_timestamp": 1607486750.427377, "timestamps": [1607486750.939289, 1607486751.567765, 1607486752.113499, 1607486752.80745, 1607486753.4235892, 1607486754.154266, 1607486754.621564, 1607486755.204104, 1607486755.817761, 1607486756.3649359], "episode_lengths": [617, 685, 591, 780, 693, 829, 514, 669, 681, 608], "episode_rewards": [330.0, 290.0, 270.0, 470.0, 390.0, 560.0, 250.0, 280.0, 380.0, 290.0], "episode_types": ["t", "t", "t", "t", "t", "t", "t", "t", "t", "t", "t"]}