{"initial_reset_timestamp": 1602389585.59284, "timestamps": [1602389586.272811, 1602389587.056631, 1602389587.5680299, 1602389588.22292, 1602389588.8114429, 1602389589.5289931, 1602389589.955251, 1602389590.521726], "episode_lengths": [617, 685, 591, 780, 693, 829, 514, 669], "episode_rewards": [330.0, 290.0, 270.0, 470.0, 390.0, 560.0, 250.0, 280.0], "episode_types": ["t", "t", "t", "t", "t", "t", "t", "t", "t"]}