{"initial_reset_timestamp": 1602388859.28323, "timestamps": [1602388859.9848819, 1602388860.943417, 1602388861.484284, 1602388862.2683048, 1602388862.856447, 1602388863.52096, 1602388863.94211, 1602388864.4780521], "episode_lengths": [617, 685, 591, 780, 693, 829, 514, 669], "episode_rewards": [330.0, 290.0, 270.0, 470.0, 390.0, 560.0, 250.0, 280.0], "episode_types": ["t", "t", "t", "t", "t", "t", "t", "t", "t"]}