{"initial_reset_timestamp": 1602390267.959083, "timestamps": [1602390268.684454, 1602390269.464882, 1602390269.9731789, 1602390270.6072478, 1602390271.1921878, 1602390271.856095, 1602390272.292948, 1602390272.837303], "episode_lengths": [617, 685, 591, 780, 693, 829, 514, 669], "episode_rewards": [330.0, 290.0, 270.0, 470.0, 390.0, 560.0, 250.0, 280.0], "episode_types": ["t", "t", "t", "t", "t", "t", "t", "t", "t"]}