{"initial_reset_timestamp": 1602390300.4943318, "timestamps": [1602390301.181577, 1602390301.960883, 1602390302.479892, 1602390303.103824, 1602390303.6806731, 1602390304.342019, 1602390304.761929, 1602390305.2962902], "episode_lengths": [617, 685, 591, 780, 693, 829, 514, 669], "episode_rewards": [330.0, 290.0, 270.0, 470.0, 390.0, 560.0, 250.0, 280.0], "episode_types": ["t", "t", "t", "t", "t", "t", "t", "t", "t"]}