{"initial_reset_timestamp": 1602391833.497489, "timestamps": [1602391834.167294, 1602391834.952323, 1602391835.46456, 1602391836.1093152, 1602391836.708752, 1602391837.3997, 1602391837.824995, 1602391838.367275, 1602391839.1395562, 1602391839.648031, 1602391840.1020072, 1602391840.711027, 1602391841.431946, 1602391842.6444001, 1602391843.0280151, 1602391843.730428, 1602391844.7343302, 1602391845.286575, 1602391845.999255, 1602391846.631957, 1602391847.106484, 1602391847.676987, 1602391848.252534, 1602391848.778589, 1602391849.348545, 1602391849.881236, 1602391850.3527381, 1602391850.858217, 1602391851.244873, 1602391851.97574, 1602391852.539244, 1602391853.188689, 1602391853.8954282, 1602391854.255019, 1602391854.720738, 1602391855.532331, 1602391856.104227, 1602391856.648127, 1602391857.078382, 1602391857.548327, 1602391858.1282718, 1602391858.885466, 1602391859.37377, 1602391859.8143492, 1602391860.425514, 1602391860.93155, 1602391861.303902, 1602391861.971853, 1602391862.5109088, 1602391863.1250932, 1602391863.4453871, 1602391864.210186, 1602391864.798342, 1602391865.293505, 1602391865.735112, 1602391866.406357, 1602391866.904087, 1602391867.8340569, 1602391868.425473, 1602391868.9054132, 1602391869.3214452, 1602391869.724128, 1602391870.378309, 1602391870.9894242, 1602391871.596404, 1602391872.2159822, 1602391872.811127, 1602391873.306499, 1602391873.82059, 1602391874.3075368, 1602391874.922803, 1602391875.4243488, 1602391875.899414, 1602391876.299755, 1602391876.840155, 1602391877.3897228, 1602391877.805878, 1602391878.250127, 1602391878.8277912, 1602391879.304689, 1602391879.9535282, 1602391880.5756109, 1602391881.083349, 1602391881.579529, 1602391881.953381, 1602391882.46475, 1602391883.087001, 1602391883.633572, 1602391884.103461, 1602391884.708587, 1602391885.377923, 1602391885.802359, 1602391886.385045, 1602391887.056824, 1602391887.732115, 1602391888.1606631, 1602391888.5820649, 1602391888.9622989, 1602391889.557041, 1602391890.345433, 1602391891.115981, 1602391891.653186, 1602391892.151583, 1602391892.584212, 1602391893.265385, 1602391893.884125, 1602391894.310053, 1602391894.747853, 1602391895.1236532, 1602391895.826866, 1602391896.387794, 1602391897.467577, 1602391898.021688, 1602391898.4431648, 1602391898.8325171, 1602391899.3341608, 1602391900.0854, 1602391901.001811, 1602391901.4805498, 1602391902.086064, 1602391902.494282, 1602391903.016267, 1602391903.426971, 1602391903.991164, 1602391904.506529, 1602391905.691843, 1602391906.264378, 1602391906.902813, 1602391907.684701, 1602391908.199536, 1602391908.535043, 1602391909.010109, 1602391909.594399, 1602391910.151344, 1602391910.62917, 1602391911.2463748, 1602391911.751335, 1602391912.362814, 1602391912.8779929, 1602391913.5089762, 1602391914.169585, 1602391914.749865, 1602391915.378529, 1602391915.839554, 1602391916.2554271, 1602391916.8652868, 1602391917.293053, 1602391917.824373, 1602391918.3435788, 1602391918.898494, 1602391919.525154, 1602391920.085404, 1602391920.639371, 1602391921.0519192, 1602391921.710353, 1602391922.306326, 1602391922.768596, 1602391923.2200131, 1602391923.883104, 1602391924.494825, 1602391925.093342, 1602391925.6304371, 1602391926.128582, 1602391926.5558982, 1602391926.994112, 1602391927.525482, 1602391928.13101, 1602391928.687555, 1602391929.1691132, 1602391929.702188, 1602391930.1830158, 1602391930.839891, 1602391931.4659252, 1602391931.9483058, 1602391932.5782459, 1602391933.1795561, 1602391933.678935, 1602391934.281346, 1602391934.76218, 1602391935.097169, 1602391935.807502, 1602391936.362663, 1602391936.929952, 1602391937.489616, 1602391938.221683, 1602391938.661414, 1602391939.401074, 1602391939.886392, 1602391940.393333, 1602391940.946881, 1602391941.4887922, 1602391942.056851, 1602391942.700177, 1602391943.275367, 1602391943.8823638, 1602391944.810463, 1602391945.1692832, 1602391945.765079, 1602391946.189614, 1602391946.690816, 1602391947.216625, 1602391947.807314, 1602391948.457737, 1602391948.928451, 1602391949.49247, 1602391950.3267279, 1602391950.756117, 1602391951.215721, 1602391951.714556, 1602391952.320406, 1602391953.1363819, 1602391953.736508, 1602391954.0918982, 1602391954.662952, 1602391955.21321, 1602391955.8930922, 1602391956.559356, 1602391957.18573, 1602391957.745635, 1602391958.72561, 1602391959.470779, 1602391960.164505, 1602391960.7310941, 1602391961.2825432, 1602391961.680257, 1602391962.342409, 1602391962.827343, 1602391963.371677, 1602391963.939874, 1602391964.356441, 1602391964.886168, 1602391965.446433, 1602391965.888183, 1602391966.302109, 1602391967.168074, 1602391968.17061, 1602391969.2354372, 1602391970.008893, 1602391970.490829, 1602391971.295091, 1602391971.763582, 1602391972.587563, 1602391973.330104, 1602391973.9904718, 1602391974.645658, 1602391975.100966, 1602391975.491054, 1602391975.998419, 1602391976.426761, 1602391976.8930812, 1602391977.381227, 1602391977.911907, 1602391978.4200802, 1602391979.0073879, 1602391979.9894688, 1602391980.507288, 1602391981.2251022, 1602391981.646176, 1602391982.255647, 1602391982.707932, 1602391983.227921, 1602391983.7797818, 1602391984.363033, 1602391985.0688279, 1602391985.838589, 1602391986.27414, 1602391986.669253, 1602391987.270443, 1602391987.83956, 1602391988.622934, 1602391989.120499, 1602391989.565904, 1602391990.126334, 1602391990.554328, 1602391991.092909, 1602391991.756979, 1602391992.072331, 1602391992.672873, 1602391993.6059232, 1602391994.187705, 1602391994.755732, 1602391995.3819368, 1602391995.9501271, 1602391996.344887, 1602391997.2864761, 1602391997.753807, 1602391998.280703, 1602391998.777498, 1602391999.2298398, 1602391999.6059158, 1602392000.1418822, 1602392000.609498, 1602392001.174156, 1602392001.7004201, 1602392002.210551, 1602392002.816204, 1602392003.486184, 1602392003.98426, 1602392004.517079, 1602392005.0786402, 1602392005.5355551, 1602392005.981486, 1602392006.47053, 1602392006.9246888, 1602392007.409578, 1602392008.047667, 1602392008.664054, 1602392009.222615, 1602392009.780669, 1602392010.263839, 1602392010.769428], "episode_lengths": [617, 685, 591, 780, 693, 829, 514, 669, 681, 608, 530, 745, 826, 1470, 497, 849, 1216, 662, 915, 792, 614, 679, 704, 645, 710, 651, 589, 444, 450, 896, 697, 799, 872, 434, 544, 989, 714, 685, 531, 567, 719, 914, 592, 539, 747, 601, 442, 806, 654, 745, 401, 921, 707, 594, 539, 790, 608, 1103, 721, 598, 531, 478, 790, 733, 537, 734, 731, 617, 627, 589, 751, 634, 587, 509, 641, 690, 515, 575, 708, 576, 802, 747, 653, 616, 443, 614, 763, 669, 565, 744, 798, 542, 703, 777, 809, 524, 521, 495, 731, 941, 890, 659, 609, 530, 806, 721, 517, 561, 476, 863, 679, 1261, 668, 516, 477, 606, 909, 1104, 586, 741, 515, 636, 493, 679, 623, 985, 670, 772, 938, 634, 405, 577, 704, 678, 601, 749, 604, 730, 642, 754, 823, 683, 745, 554, 513, 743, 536, 662, 646, 685, 763, 696, 670, 508, 779, 755, 548, 551, 796, 735, 750, 656, 611, 498, 553, 653, 715, 683, 590, 650, 576, 798, 744, 589, 769, 736, 588, 737, 586, 415, 854, 684, 696, 665, 881, 534, 916, 607, 595, 654, 684, 674, 771, 699, 716, 1119, 450, 709, 515, 615, 622, 646, 691, 581, 665, 1010, 519, 504, 623, 731, 876, 624, 445, 696, 658, 800, 585, 715, 672, 1146, 884, 831, 701, 653, 511, 809, 599, 644, 684, 505, 651, 701, 524, 523, 1038, 1194, 1273, 935, 588, 972, 565, 953, 900, 818, 804, 560, 478, 603, 510, 603, 598, 646, 644, 709, 1179, 647, 821, 541, 732, 557, 611, 673, 672, 863, 928, 538, 489, 718, 690, 957, 626, 555, 645, 545, 641, 775, 410, 727, 1105, 682, 701, 760, 690, 501, 1110, 572, 642, 625, 555, 468, 662, 575, 674, 637, 600, 709, 806, 612, 669, 700, 582, 566, 599, 550, 605, 783, 754, 662, 710, 585, 623],