{"initial_reset_timestamp": 1602388468.982545, "timestamps": [1602388469.66286, 1602388470.434777, 1602388470.958425, 1602388471.611491, 1602388472.199649, 1602388472.873573, 1602388473.304791, 1602388473.8519459], "episode_lengths": [617, 685, 591, 780, 693, 829, 514, 669], "episode_rewards": [330.0, 290.0, 270.0, 470.0, 390.0, 560.0, 250.0, 280.0], "episode_types": ["t", "t", "t", "t", "t", "t", "t", "t", "t"]}