{"initial_reset_timestamp": 1602388336.737824, "timestamps": [1602388340.7965271, 1602388341.594058, 1602388342.114634, 1602388342.7483652, 1602388343.338421, 1602388344.01165, 1602388344.445173, 1602388344.9810638], "episode_lengths": [617, 685, 591, 780, 693, 829, 514, 669], "episode_rewards": [330.0, 290.0, 270.0, 470.0, 390.0, 560.0, 250.0, 280.0], "episode_types": ["t", "t", "t", "t", "t", "t", "t", "t", "t"]}