{"initial_reset_timestamp": 1602389927.5403368, "timestamps": [1602389928.220864, 1602389929.001238, 1602389929.516124, 1602389930.174685, 1602389930.761909, 1602389931.429461, 1602389931.858811, 1602389932.4037519], "episode_lengths": [617, 685, 591, 780, 693, 829, 514, 669], "episode_rewards": [330.0, 290.0, 270.0, 470.0, 390.0, 560.0, 250.0, 280.0], "episode_types": ["t", "t", "t", "t", "t", "t", "t", "t", "t"]}