{"initial_reset_timestamp": 1602389851.687136, "timestamps": [1602389852.363512, 1602389853.217056, 1602389853.725439, 1602389854.378338, 1602389854.956442, 1602389855.623839, 1602389856.055768, 1602389856.606431], "episode_lengths": [617, 685, 591, 780, 693, 829, 514, 669], "episode_rewards": [330.0, 290.0, 270.0, 470.0, 390.0, 560.0, 250.0, 280.0], "episode_types": ["t", "t", "t", "t", "t", "t", "t", "t", "t"]}