{"initial_reset_timestamp": 1602392159.7845461, "timestamps": [1602392160.856596, 1602392162.162833, 1602392162.978681, 1602392164.002483, 1602392164.934745, 1602392166.017725, 1602392166.706955, 1602392167.609056, 1602392168.875892, 1602392169.71226, 1602392170.4567392, 1602392171.4962509, 1602392172.7029572, 1602392174.741448, 1602392175.383865, 1602392176.545109], "episode_lengths": [617, 685, 591, 780, 693, 829, 514, 669, 681, 608, 530, 745, 826, 1470, 497, 849], "episode_rewards": [330.0, 290.0, 270.0, 470.0, 390.0, 560.0, 250.0, 280.0, 380.0, 290.0, 250.0, 380.0, 870.0, 2610.0, 230.0, 510.0], "episode_types": ["t", "t", "t", "t", "t", "t", "t", "t", "t", "t", "t", "t", "t", "t", "t", "t", "t"]}