{"initial_reset_timestamp": 1602388736.5731971, "timestamps": [1602388737.263115, 1602388738.040035, 1602388738.5540721, 1602388739.2007968, 1602388739.7666829, 1602388740.4519308, 1602388740.882842, 1602388741.4350111], "episode_lengths": [617, 685, 591, 780, 693, 829, 514, 669], "episode_rewards": [330.0, 290.0, 270.0, 470.0, 390.0, 560.0, 250.0, 280.0], "episode_types": ["t", "t", "t", "t", "t", "t", "t", "t", "t"]}