{"initial_reset_timestamp": 1602388425.454792, "timestamps": [1602388426.124316, 1602388426.902275, 1602388427.4266188, 1602388428.065086, 1602388428.6318889, 1602388429.30231, 1602388429.7223182, 1602388430.274522], "episode_lengths": [617, 685, 591, 780, 693, 829, 514, 669], "episode_rewards": [330.0, 290.0, 270.0, 470.0, 390.0, 560.0, 250.0, 280.0], "episode_types": ["t", "t", "t", "t", "t", "t", "t", "t", "t"]}