{"initial_reset_timestamp": 1602395310.271979, "timestamps": [1602395310.938379, 1602395311.722384, 1602395312.246295, 1602395312.882273, 1602395313.468742, 1602395314.154691, 1602395314.563385, 1602395315.100102, 1602395315.888385, 1602395316.398228, 1602395316.842227, 1602395317.450885, 1602395318.167148, 1602395319.406466, 1602395319.7964401, 1602395320.5142999, 1602395321.5435069, 1602395322.095912, 1602395322.853683, 1602395323.501688, 1602395323.995148, 1602395324.556792, 1602395325.125663, 1602395325.657407, 1602395326.226397, 1602395326.7447271, 1602395327.2073689, 1602395327.7025201, 1602395328.0802429, 1602395328.799746, 1602395329.3594089, 1602395330.003894, 1602395330.7187688, 1602395331.075906, 1602395331.540718, 1602395332.33691, 1602395332.9071932, 1602395333.456635, 1602395333.9295769, 1602395334.380934, 1602395335.0033898, 1602395335.84413, 1602395336.350215, 1602395336.804351, 1602395337.409662, 1602395337.911468, 1602395338.254975, 1602395338.910808, 1602395339.430892, 1602395340.035135, 1602395340.363255, 1602395341.110941, 1602395341.683054, 1602395342.162567, 1602395342.599079, 1602395343.267987, 1602395343.753315, 1602395344.665547, 1602395345.254963, 1602395345.729038, 1602395346.1452649, 1602395346.523129, 1602395347.1901271, 1602395347.795178, 1602395348.397998, 1602395349.0166552, 1602395349.6365151, 1602395350.134882, 1602395350.6404579, 1602395351.127539, 1602395351.7869718, 1602395352.285721, 1602395352.780205, 1602395353.18307, 1602395353.7120152, 1602395354.2646232, 1602395354.684523, 1602395355.1560378, 1602395355.750366, 1602395356.225863, 1602395356.8782358, 1602395357.4992142, 1602395358.022735, 1602395358.518427, 1602395358.875131, 1602395359.370247, 1602395360.0550542, 1602395360.622232, 1602395361.097792, 1602395361.7070642, 1602395362.369726, 1602395362.8088372, 1602395363.393939, 1602395364.053488, 1602395364.7202969, 1602395365.138651, 1602395365.627962, 1602395366.017211, 1602395366.605029, 1602395367.384892, 1602395368.113237, 1602395368.649628, 1602395369.148163, 1602395369.569807, 1602395370.2515142, 1602395370.8476748, 1602395371.261738, 1602395371.7267048, 1602395372.1076632, 1602395372.805035, 1602395373.3803232, 1602395374.424775, 1602395374.9622989, 1602395375.378768, 1602395375.759221, 1602395376.2515829, 1602395376.990605, 1602395377.892482, 1602395378.368916, 1602395378.974889, 1602395379.393249, 1602395379.9248059, 1602395380.339138, 1602395380.88509, 1602395381.4371579, 1602395382.5515032, 1602395383.131752, 1602395383.7796822, 1602395384.554037, 1602395385.069503, 1602395385.398219, 1602395385.88709, 1602395386.484826, 1602395387.0321121, 1602395387.5712588, 1602395388.193907, 1602395388.693247, 1602395389.275882, 1602395389.7992792, 1602395390.425998, 1602395391.089819, 1602395391.662121, 1602395392.285325, 1602395392.811769, 1602395393.2415, 1602395393.8647392, 1602395394.298199, 1602395394.839238, 1602395395.36378, 1602395395.9250162, 1602395396.532969, 1602395397.0955288, 1602395397.6357691, 1602395398.0393422, 1602395398.6773062, 1602395399.3107882, 1602395399.7603672, 1602395400.218988, 1602395400.886227, 1602395401.498749, 1602395402.089275, 1602395402.626359, 1602395403.131233, 1602395403.5461261, 1602395403.991766, 1602395404.528878, 1602395405.129636, 1602395405.683607, 1602395406.165046, 1602395406.7034009, 1602395407.169172, 1602395407.825006, 1602395408.429715, 1602395408.917265, 1602395409.540353, 1602395410.126765, 1602395410.6339421, 1602395411.2418659, 1602395411.7344918, 1602395412.0571609, 1602395412.776254, 1602395413.388057, 1602395414.055635, 1602395414.840412, 1602395415.6645591, 1602395416.168374, 1602395417.189249, 1602395417.784632, 1602395418.295707, 1602395418.855614, 1602395419.557041, 1602395420.377103, 1602395421.3113978, 1602395421.9496992, 1602395422.597599, 1602395423.6656141, 1602395424.029291, 1602395424.6167119, 1602395425.037201, 1602395425.5434391, 1602395426.047423, 1602395426.5892868, 1602395427.147549, 1602395427.620846, 1602395428.187496, 1602395429.0182369, 1602395429.440981, 1602395429.846713, 1602395430.349547, 1602395430.95376, 1602395431.65936, 1602395432.1809468, 1602395432.549181, 1602395433.110955, 1602395433.6586418, 1602395434.3488278, 1602395435.000061, 1602395435.611339, 1602395436.15644, 1602395437.127584, 1602395437.865118, 1602395438.540907, 1602395439.118022, 1602395439.669433, 1602395440.064076, 1602395440.7309399, 1602395441.224936, 1602395441.7890828, 1602395442.349479, 1602395442.767292, 1602395443.2982552, 1602395443.865792, 1602395444.306328, 1602395444.7186391, 1602395445.575718, 1602395446.5669482, 1602395447.611638, 1602395448.386919, 1602395448.873834, 1602395449.6842618, 1602395450.144642, 1602395450.952637, 1602395451.6960661, 1602395452.365726, 1602395453.02406, 1602395453.492853, 1602395453.889533, 1602395454.3723001, 1602395454.787561, 1602395455.269205, 1602395455.743449, 1602395456.267165, 1602395456.785203, 1602395457.364483, 1602395458.34878, 1602395458.856975, 1602395459.524658, 1602395459.943383, 1602395460.5804749, 1602395461.0374131, 1602395461.5489368, 1602395462.1088908, 1602395462.708888, 1602395463.423119, 1602395464.1788192, 1602395464.596531, 1602395464.970363, 1602395465.5675368, 1602395466.12304, 1602395466.912334, 1602395467.395941, 1602395467.842998, 1602395468.387119, 1602395468.8121212, 1602395469.3408, 1602395469.9751291, 1602395470.285936, 1602395470.874048, 1602395471.79773, 1602395472.3760362, 1602395472.960831, 1602395473.583924, 1602395474.1471438, 1602395474.54435, 1602395475.466825, 1602395475.9361799, 1602395476.469973, 1602395476.955647, 1602395477.411229, 1602395477.7897909, 1602395478.3293738, 1602395478.7887528, 1602395479.3662632, 1602395479.880893, 1602395480.391989, 1602395480.9802759, 1602395481.7048562, 1602395482.1913202, 1602395482.720147, 1602395483.2888162, 1602395483.7508821, 1602395484.210512, 1602395484.713718, 1602395485.157086, 1602395485.6610382, 1602395486.3460228, 1602395486.96328, 1602395487.5133178, 1602395488.073569, 1602395488.542014, 1602395489.034343, 1602395491.593162, 1602395495.139515, 1602395499.396676, 1602395503.9339142, 1602395507.7318091, 1602395510.2225149, 1602395513.946969, 1602395516.327918, 1602395518.702035, 1602395522.233181, 1602395525.631629, 1602395530.091601, 1602395535.6258318, 1602395538.749832, 1602395543.463122, 1602395546.1768131, 1602395550.705478, 1602395553.0049942, 1602395556.954241, 1602395560.647679, 1602395563.783068, 1602395567.6399019, 1602395571.1487858, 1602395574.6038451, 1602395579.026527, 1602395582.8140218, 1602395584.409059, 1602395589.0424268, 1602395592.703521, 1602395596.850666, 1602395600.5944588, 1602395603.721898, 1602395607.678499, 1602395611.302602, 1602395614.401549, 1602395617.886048, 1602395621.513741, 1602395625.343168, 1602395628.403432, 1602395631.781038, 1602395634.753474, 1602395639.101702, 1602395642.3218508, 1602395645.092441, 1602395651.606347, 1602395654.3851268, 1602395658.219619],