{"initial_reset_timestamp": 1602390236.430207, "timestamps": [1602390237.096742, 1602390237.880586, 1602390238.390224, 1602390239.037576, 1602390239.6327848, 1602390240.3220532, 1602390240.7356749, 1602390241.297499], "episode_lengths": [617, 685, 591, 780, 693, 829, 514, 669], "episode_rewards": [330.0, 290.0, 270.0, 470.0, 390.0, 560.0, 250.0, 280.0], "episode_types": ["t", "t", "t", "t", "t", "t", "t", "t", "t"]}