{"initial_reset_timestamp": 1602388935.959384, "timestamps": [1602388936.629844, 1602388937.4060328, 1602388937.933391, 1602388938.562613, 1602388939.169482, 1602388939.871944, 1602388940.3938198, 1602388940.973676], "episode_lengths": [617, 685, 591, 780, 693, 829, 514, 669], "episode_rewards": [330.0, 290.0, 270.0, 470.0, 390.0, 560.0, 250.0, 280.0], "episode_types": ["t", "t", "t", "t", "t", "t", "t", "t", "t"]}