{"initial_reset_timestamp": 1607486783.2868538, "timestamps": [1607486783.823779, 1607486784.458625, 1607486785.011073, 1607486785.726044, 1607486786.415193, 1607486787.168792, 1607486787.632344, 1607486788.246939, 1607486788.866956, 1607486789.426174], "episode_lengths": [617, 685, 591, 780, 693, 829, 514, 669, 681, 608], "episode_rewards": [330.0, 290.0, 270.0, 470.0, 390.0, 560.0, 250.0, 280.0, 380.0, 290.0], "episode_types": ["t", "t", "t", "t", "t", "t", "t", "t", "t", "t", "t"]}