{"initial_reset_timestamp": 1602390682.857345, "timestamps": [1602390683.569228, 1602390684.328713, 1602390684.83367, 1602390685.457403, 1602390686.0459268, 1602390686.713773, 1602390687.131836, 1602390687.674391], "episode_lengths": [617, 685, 591, 780, 693, 829, 514, 669], "episode_rewards": [330.0, 290.0, 270.0, 470.0, 390.0, 560.0, 250.0, 280.0], "episode_types": ["t", "t", "t", "t", "t", "t", "t", "t", "t"]}