{"initial_reset_timestamp": 1602389699.345143, "timestamps": [1602389700.05826, 1602389700.84798, 1602389701.378999, 1602389702.011022, 1602389702.5927548, 1602389703.259553, 1602389703.694588, 1602389704.2268429], "episode_lengths": [617, 685, 591, 780, 693, 829, 514, 669], "episode_rewards": [330.0, 290.0, 270.0, 470.0, 390.0, 560.0, 250.0, 280.0], "episode_types": ["t", "t", "t", "t", "t", "t", "t", "t", "t"]}