{"initial_reset_timestamp": 1602392183.343799, "timestamps": [1602392184.012714, 1602392184.797968, 1602392185.3192708, 1602392185.966708, 1602392186.5608242, 1602392187.242538, 1602392187.660488, 1602392188.2201788, 1602392189.007628, 1602392189.539243, 1602392189.9854689, 1602392190.653645, 1602392191.37281, 1602392192.6282182, 1602392193.0214841, 1602392193.734415, 1602392194.734661, 1602392195.3428328, 1602392196.080556, 1602392196.710378, 1602392197.201002, 1602392197.7835698, 1602392198.351094, 1602392198.8707762, 1602392199.452384, 1602392200.011754, 1602392200.476148, 1602392200.980572, 1602392201.3587918, 1602392202.08318, 1602392202.652309, 1602392203.2934349, 1602392203.997897, 1602392204.348521, 1602392204.802478, 1602392205.616632, 1602392206.177014, 1602392206.718317, 1602392207.149104, 1602392207.609112, 1602392208.206906, 1602392208.952984, 1602392209.4485471, 1602392209.884005, 1602392210.491702, 1602392210.999851, 1602392211.3352141, 1602392211.9892108, 1602392212.537102, 1602392213.137752, 1602392213.4525518, 1602392214.205129, 1602392214.783565, 1602392215.257204, 1602392215.697904, 1602392216.369385, 1602392216.861022, 1602392217.79016, 1602392218.388454, 1602392218.8701801, 1602392219.286666, 1602392219.67626, 1602392220.329637, 1602392220.945123, 1602392221.572383, 1602392222.188886, 1602392222.800757, 1602392223.301132, 1602392223.809002, 1602392224.310406, 1602392224.92336, 1602392225.4318972, 1602392225.928351, 1602392226.3250391, 1602392226.8742132, 1602392227.4386728, 1602392227.931797, 1602392228.406796, 1602392228.979326, 1602392229.464912, 1602392230.109792, 1602392230.717299, 1602392231.2640378, 1602392231.754017, 1602392232.136781, 1602392232.694092, 1602392233.327779, 1602392233.901946, 1602392234.36543, 1602392234.9747488, 1602392235.6394691, 1602392236.087084, 1602392236.677282, 1602392237.320284, 1602392237.989622, 1602392238.405227, 1602392238.823594, 1602392239.2175202, 1602392239.801161, 1602392240.606076, 1602392241.336858, 1602392241.868315, 1602392242.377446, 1602392242.794604, 1602392243.468378, 1602392244.053605, 1602392244.474504, 1602392244.9342458, 1602392245.308219, 1602392246.00996, 1602392246.572474, 1602392247.632834, 1602392248.1956742, 1602392248.620034, 1602392249.000252, 1602392249.49915, 1602392250.242697, 1602392251.191753, 1602392251.677098, 1602392252.2927492, 1602392252.732171, 1602392253.33642, 1602392253.745265, 1602392254.3097868, 1602392254.833825, 1602392255.941497, 1602392256.5230742, 1602392257.1639628, 1602392257.949453, 1602392258.4593122, 1602392258.7990248, 1602392259.260829, 1602392259.861998, 1602392260.42668, 1602392260.906371, 1602392261.522191, 1602392262.017426, 1602392262.615202, 1602392263.139194, 1602392263.747115, 1602392264.439584, 1602392265.0076082, 1602392265.630722, 1602392266.091559, 1602392266.508424, 1602392267.127883, 1602392267.565999, 1602392268.118569, 1602392268.654468, 1602392269.196269, 1602392269.813035, 1602392270.369971, 1602392270.921323, 1602392271.327886, 1602392271.964449, 1602392272.585202, 1602392273.025983, 1602392273.4789681, 1602392274.131555, 1602392274.7315059, 1602392275.3372428, 1602392275.866772, 1602392276.351048, 1602392276.758338, 1602392277.192221, 1602392277.754147, 1602392278.3562381, 1602392278.908642, 1602392279.401995, 1602392279.963306, 1602392280.4316428, 1602392281.1453881, 1602392281.7684321, 1602392282.250559, 1602392282.893754, 1602392283.510754, 1602392283.995106, 1602392284.612736, 1602392285.088246, 1602392285.430644, 1602392286.136199, 1602392286.68716, 1602392287.2605922, 1602392287.839377, 1602392288.5550349, 1602392288.990689, 1602392289.752218, 1602392290.261297, 1602392290.750606, 1602392291.320099, 1602392291.8576992, 1602392292.4149609, 1602392293.046823, 1602392293.626802, 1602392294.226016, 1602392295.151131, 1602392295.5115168, 1602392296.105672, 1602392296.519625, 1602392297.024891, 1602392297.5319521, 1602392298.073884, 1602392298.654408, 1602392299.133524, 1602392299.674679, 1602392300.527725, 1602392300.949759, 1602392301.353039, 1602392301.865518, 1602392302.464858, 1602392303.208726, 1602392303.731848, 1602392304.087012, 1602392304.660026, 1602392305.188583, 1602392305.88121, 1602392306.603891, 1602392307.214261, 1602392307.76826, 1602392308.755193, 1602392309.493071, 1602392310.1702342, 1602392310.7828841, 1602392311.365868, 1602392311.767048, 1602392312.4503958, 1602392312.938758, 1602392313.487106, 1602392314.0733628, 1602392314.4924219, 1602392315.0118, 1602392315.6546519, 1602392316.083308, 1602392316.498533, 1602392317.380873, 1602392318.397432, 1602392319.455913, 1602392320.262058, 1602392320.7451541, 1602392321.5501912, 1602392322.021704, 1602392322.829479, 1602392323.58063, 1602392324.2550678, 1602392324.909708, 1602392325.3580868, 1602392325.7425961, 1602392326.232495, 1602392326.634866, 1602392327.106107, 1602392327.6052759, 1602392328.145182, 1602392328.652578, 1602392329.244572, 1602392330.20716, 1602392330.721749, 1602392331.3962219, 1602392331.822279, 1602392332.438081, 1602392332.893397, 1602392333.4015172, 1602392333.9527192, 1602392334.526635, 1602392335.2443242, 1602392336.019767, 1602392336.446049, 1602392336.832354, 1602392337.44311, 1602392338.024671, 1602392338.810632, 1602392339.319181, 1602392339.788244, 1602392340.3270478, 1602392340.760434, 1602392341.328618, 1602392341.981523, 1602392342.2872279, 1602392342.898537, 1602392343.7899258, 1602392344.359287, 1602392344.939896, 1602392345.565567, 1602392346.132843, 1602392346.541075, 1602392347.4676201, 1602392347.953144, 1602392348.476299, 1602392348.980654, 1602392349.440078, 1602392349.813461, 1602392350.362004, 1602392350.837348, 1602392351.4090822, 1602392351.973716, 1602392352.476363, 1602392353.073659, 1602392353.748158, 1602392354.2546072, 1602392354.790335, 1602392355.3475509, 1602392355.797517, 1602392356.264787, 1602392356.766999, 1602392357.222595, 1602392357.719581, 1602392358.353777, 1602392358.969194, 1602392359.530988, 1602392360.104012, 1602392360.570979, 1602392361.0851042], "episode_lengths": [617, 685, 591, 780, 693, 829, 514, 669, 681, 608, 530, 745, 826, 1470, 497, 849, 1216, 662, 915, 792, 614, 679, 704, 645, 710, 651, 589, 444, 450, 896, 697, 799, 872, 434, 544, 989, 714, 685, 531, 567, 719, 914, 592, 539, 747, 601, 442, 806, 654, 745, 401, 921, 707, 594, 539, 790, 608, 1103, 721, 598, 531, 478, 790, 733, 537, 734, 731, 617, 627, 589, 751, 634, 587, 509, 641, 690, 515, 575, 708, 576, 802, 747, 653, 616, 443, 614, 763, 669, 565, 744, 798, 542, 703, 777, 809, 524, 521, 495, 731, 941, 890, 659, 609, 530, 806, 721, 517, 561, 476, 863, 679, 1261, 668, 516, 477, 606, 909, 1104, 586, 741, 515, 636, 493, 679, 623, 985, 670, 772, 938, 634, 405, 577, 704, 678, 601, 749, 604, 730, 642, 754, 823, 683, 745, 554, 513, 743, 536, 662, 646, 685, 763, 696, 670, 508, 779, 755, 548, 551, 796, 735, 750, 656, 611, 498, 553, 653, 715, 683, 590, 650, 576, 798, 744, 589, 769, 736, 588, 737, 586, 415, 854, 684, 696, 665, 881, 534, 916, 607, 595, 654, 684, 674, 771, 699, 716, 1119, 450, 709, 515, 615, 622, 646, 691, 581, 665, 1010, 519, 504, 623, 731, 876, 624, 445, 696, 658, 800, 585, 715, 672, 1146, 884, 831, 701, 653, 511, 809, 599, 644, 684, 505, 651, 701, 524, 523, 1038, 1194, 1273, 935, 588, 972, 565, 953, 900, 818, 804, 560, 478, 603, 510, 603, 598, 646, 644, 709, 1179, 647, 821, 541, 732, 557, 611, 673, 672, 863, 928, 538, 489, 718, 690, 957, 626, 555, 645, 545, 641, 775, 410, 727, 1105, 682, 701, 760, 690, 501, 1110, 572, 642, 625, 555, 468, 662, 575, 674, 637, 600, 709, 806, 612, 669, 700, 582, 566, 599, 550, 605, 783, 754, 662, 710, 585, 623],